{"text": " Fala Igor, beleza? Top demais. Uma outra coisa que voc\u00ea pode fazer \u00e9, como voc\u00ea est\u00e1 trabalhando com agentes, voc\u00ea pode, por exemplo, pedir para ele rodar as simula\u00e7\u00f5es de um monte de carros, o bootstrapping, n\u00e3o nele mesmo, mas voc\u00ea pode pedir para ele acessar o aplicativo, por exemplo, a SPSS, o R, etc., e mandar ele baixar o pacote e mandar a simula\u00e7\u00e3o por tr\u00e1s no R. Isso te economiza muito, muito custo. E voc\u00ea pode fazer isso, entendeu? Trabalhar com os agentes para que ele rode no R por tr\u00e1s a partir dos pacotes de an\u00e1lise. \u00c9 um insight legal, viu? Que daria para ser feito sim.", "segments": [{"id": 0, "seek": 0, "start": 0.0, "end": 6.5, "text": " Fala Igor, beleza? Top demais. Uma outra coisa que voc\u00ea pode fazer \u00e9, como voc\u00ea", "tokens": [50364, 479, 5159, 40356, 11, 46429, 30, 8840, 36879, 13, 21939, 12301, 9614, 631, 2723, 7468, 6736, 1136, 11, 2617, 2723, 50689], "temperature": 0.0, "avg_logprob": -0.3233660551217886, "compression_ratio": 1.5422222222222222, "no_speech_prob": 0.09771548211574554}, {"id": 1, "seek": 0, "start": 6.5, "end": 13.5, "text": " est\u00e1 trabalhando com agentes, voc\u00ea pode, por exemplo, pedir para ele rodar as", "tokens": [50689, 3192, 12067, 28190, 395, 623, 9240, 11, 2723, 7468, 11, 1515, 16496, 11, 33533, 1690, 1118, 8685, 289, 382, 51039], "temperature": 0.0, "avg_logprob": -0.3233660551217886, "compression_ratio": 1.5422222222222222, "no_speech_prob": 0.09771548211574554}, {"id": 2, "seek": 0, "start": 13.5, "end": 19.5, "text": " simula\u00e7\u00f5es de um monte de carros, o bootstrapping, n\u00e3o nele mesmo, mas voc\u00ea pode pedir para ele", "tokens": [51039, 1034, 3780, 8001, 368, 1105, 35437, 368, 1032, 2635, 11, 277, 11450, 19639, 3759, 11, 2431, 408, 306, 9082, 11, 2300, 2723, 7468, 33533, 1690, 1118, 51339], "temperature": 0.0, "avg_logprob": -0.3233660551217886, "compression_ratio": 1.5422222222222222, "no_speech_prob": 0.09771548211574554}, {"id": 3, "seek": 0, "start": 19.5, "end": 26.5, "text": " acessar o aplicativo, por exemplo, a SPSS, o R, etc., e mandar ele baixar o pacote e", "tokens": [51339, 696, 442, 289, 277, 18221, 18586, 11, 1515, 16496, 11, 257, 318, 6273, 50, 11, 277, 497, 11, 5183, 7933, 308, 48689, 1118, 40447, 289, 277, 15165, 1370, 308, 51689], "temperature": 0.0, "avg_logprob": -0.3233660551217886, "compression_ratio": 1.5422222222222222, "no_speech_prob": 0.09771548211574554}, {"id": 4, "seek": 2650, "start": 26.5, "end": 35.5, "text": " mandar a simula\u00e7\u00e3o por tr\u00e1s no R. Isso te economiza muito, muito custo. E voc\u00ea pode fazer", "tokens": [50364, 48689, 257, 1034, 3780, 2917, 1515, 46189, 572, 497, 13, 14887, 535, 2520, 13427, 4945, 11, 4945, 14884, 78, 13, 462, 2723, 7468, 6736, 50814], "temperature": 0.0, "avg_logprob": -0.18619244807475321, "compression_ratio": 1.3526315789473684, "no_speech_prob": 0.007121057715266943}, {"id": 5, "seek": 2650, "start": 35.5, "end": 46.0, "text": " isso, entendeu? Trabalhar com os agentes para que ele rode no R por tr\u00e1s a partir dos pacotes", "tokens": [50814, 4616, 11, 49622, 30, 5403, 2645, 5854, 395, 3003, 623, 9240, 1690, 631, 1118, 21602, 572, 497, 1515, 46189, 257, 13906, 4491, 15165, 17251, 51339], "temperature": 0.0, "avg_logprob": -0.18619244807475321, "compression_ratio": 1.3526315789473684, "no_speech_prob": 0.007121057715266943}, {"id": 6, "seek": 2650, "start": 46.0, "end": 50.5, "text": " de an\u00e1lise. \u00c9 um insight legal, viu? Que daria para ser feito sim.", "tokens": [51339, 368, 44113, 908, 13, 4922, 1105, 11269, 5089, 11, 28383, 30, 4493, 4072, 654, 1690, 816, 31243, 1034, 13, 51564], "temperature": 0.0, "avg_logprob": -0.18619244807475321, "compression_ratio": 1.3526315789473684, "no_speech_prob": 0.007121057715266943}], "language": "pt"}